{
    "port": 9910,
    "servers": [
        {
            "name": "fms",
            "serverUrl": "http://192.168.100.107:7777/",
            "fileUploadUrl": "http://192.168.100.107:7777/image-service/common/file_upload",
            "fileGetUrl": "http://192.168.100.107:7777/image-service/common/file_get",
            "systemId": "dataPlatform",
            "secret": "9e0891a7a8c8e885"
        },
        {
            "name": "daas",
            "serverUrl": "http://192.168.100.253:8083/",
            "fileUploadUrl": "http://192.168.100.107:7777/image-service/common/file_upload",
            "fileGetUrl": "http://192.168.100.253:9948/image-service/common/file_get",
            "systemId": "dataPlatform",
            "secret": "9e0891a7a8c8e885"
        },
        {
            "name": "app",
            "serverUrl": "http://192.168.100.222:9103/",
            "fileUploadUrl": "http://192.168.100.222:9103/image-service/common/file_upload",
            "fileGetUrl": "http://192.168.100.222:9103/image-service/common/file_get",
            "systemId": "dataPlatform",
            "secret": "9e0891a7a8c8e885"
        }
    ]
}